filename,type,success,vertices,vertices_truncated,truncation_rate,avg_displacement,avg_bound,processing_time
step_0700_pre_initialization_shape.ply,init,True,2500,792,31.680000000000003,0.0499156,0.27180254,0.12216782569885254
step_0710_pre_initialization_shape.ply,init,True,2500,0,0.0,0.050877757,0.47513232,0.060384511947631836
step_0720_pre_initialization_shape.ply,init,True,2500,6,0.24,0.051834248,0.47015756,0.0651695728302002
step_0730_pre_initialization_shape.ply,init,True,2500,26,1.04,0.05254735,0.46513906,0.05926108360290527
step_0740_pre_initialization_shape.ply,init,True,2500,35,1.4000000000000001,0.053630725,0.45843774,0.06294918060302734
step_0750_pre_initialization_shape.ply,init,True,2500,33,1.32,0.055514067,0.44985348,0.05053853988647461
step_0760_pre_initialization_shape.ply,init,True,2500,59,2.36,0.05740324,0.43852,0.0641469955444336
step_0770_pre_initialization_shape.ply,init,True,2500,48,1.92,0.058528773,0.42733222,0.04736971855163574
step_0780_pre_initialization_shape.ply,init,True,2500,124,4.96,0.058505397,0.41681695,0.04984116554260254
step_0790_pre_initialization_shape.ply,init,True,2500,143,5.72,0.058620263,0.40618676,0.05217766761779785
step_0800_pre_initialization_shape.ply,init,True,2500,158,6.32,0.05855282,0.39849657,0.047600746154785156
step_0810_pre_initialization_shape.ply,init,True,2500,219,8.76,0.05853804,0.3876638,0.05527329444885254
step_0820_pre_initialization_shape.ply,init,True,2500,213,8.52,0.058088977,0.38089067,0.056157827377319336
step_0830_pre_initialization_shape.ply,init,True,2500,266,10.639999999999999,0.056542482,0.36974156,0.04741263389587402
step_0840_pre_initialization_shape.ply,init,True,2500,258,10.32,0.055061206,0.36063367,0.055852651596069336
step_0850_pre_initialization_shape.ply,init,True,2500,256,10.24,0.054700557,0.35663015,0.059061288833618164
step_0860_pre_initialization_shape.ply,init,True,2500,228,9.120000000000001,0.05411122,0.35359544,0.06407904624938965
step_0870_pre_initialization_shape.ply,init,True,2500,176,7.04,0.050422236,0.34931326,0.05556464195251465
step_0880_pre_initialization_shape.ply,init,True,2500,123,4.92,0.045154348,0.34572744,0.05548286437988281
step_0890_pre_initialization_shape.ply,init,True,2500,116,4.64,0.037807535,0.3432904,0.06085014343261719
step_0900_pre_initialization_shape.ply,init,True,2500,62,2.48,0.03124654,0.34143502,0.0573430061340332
step_0910_pre_initialization_shape.ply,init,True,2500,15,0.6,0.02497994,0.33757827,0.04873919486999512
step_0920_pre_initialization_shape.ply,init,True,2500,7,0.27999999999999997,0.022691127,0.33624917,0.039841413497924805
step_0930_pre_initialization_shape.ply,init,True,2500,5,0.2,0.023658952,0.3380564,0.03692507743835449
step_0940_pre_initialization_shape.ply,init,True,2500,18,0.72,0.02667583,0.33686328,0.04308676719665527
step_0950_pre_initialization_shape.ply,init,True,2500,65,2.6,0.031090448,0.33029333,0.04193568229675293
step_0960_pre_initialization_shape.ply,init,True,2500,71,2.8400000000000003,0.034768224,0.32588407,0.04002881050109863
step_0970_pre_initialization_shape.ply,init,True,2500,64,2.56,0.035423,0.32507318,0.036932945251464844
step_0980_pre_initialization_shape.ply,init,True,2500,76,3.04,0.035344966,0.32576823,0.036270856857299805
step_0990_pre_initialization_shape.ply,init,True,2500,85,3.4000000000000004,0.033475123,0.32946825,0.03527069091796875
step_1000_pre_initialization_shape.ply,init,False,2500,38,1.52,0.029813763,0.3323153,0.04201388359069824
step_1010_pre_initialization_shape.ply,init,True,2500,46,1.8399999999999999,0.026578229,0.33083385,0.043851375579833984
step_1020_pre_initialization_shape.ply,init,True,2500,28,1.1199999999999999,0.025464784,0.32711858,0.0385286808013916
step_1030_pre_initialization_shape.ply,init,True,2500,26,1.04,0.025065511,0.32357123,0.04146409034729004
step_1040_pre_initialization_shape.ply,init,True,2500,22,0.88,0.025557758,0.3225159,0.03507184982299805
step_1050_pre_initialization_shape.ply,init,True,2500,23,0.9199999999999999,0.02714115,0.32211134,0.04138541221618652
step_1060_pre_initialization_shape.ply,init,False,2500,13,0.52,0.028660543,0.32257214,0.04571104049682617
step_1070_pre_initialization_shape.ply,init,True,2500,24,0.96,0.029101435,0.3215095,0.03863883018493652
step_1080_pre_initialization_shape.ply,init,False,2500,15,0.6,0.02991859,0.3212752,0.036585330963134766
step_1090_pre_initialization_shape.ply,init,True,2500,31,1.24,0.029617926,0.32123977,0.039947509765625
step_1100_pre_initialization_shape.ply,init,True,2500,15,0.6,0.029025564,0.32172114,0.04071998596191406
step_1110_pre_initialization_shape.ply,init,True,2500,12,0.48,0.027763205,0.32106137,0.044336795806884766
step_1120_pre_initialization_shape.ply,init,True,2500,10,0.4,0.026139524,0.318904,0.0411837100982666
step_1130_pre_initialization_shape.ply,init,True,2500,17,0.6799999999999999,0.025866535,0.31840768,0.04025673866271973
step_1140_pre_initialization_shape.ply,init,True,2500,25,1.0,0.025771417,0.31782913,0.03534960746765137
step_1150_pre_initialization_shape.ply,init,True,2500,32,1.28,0.025891148,0.3171813,0.03084874153137207
step_1160_pre_initialization_shape.ply,init,True,2500,57,2.2800000000000002,0.026468521,0.3159929,0.06586074829101562
step_1170_pre_initialization_shape.ply,init,True,2500,53,2.12,0.026886353,0.31602266,0.09707188606262207
step_1180_pre_initialization_shape.ply,init,False,2500,59,2.36,0.02678263,0.3156567,0.049657344818115234
step_1190_pre_initialization_shape.ply,init,True,2500,101,4.04,0.026484754,0.31476587,0.041695594787597656
step_1200_pre_initialization_shape.ply,init,False,2500,59,2.36,0.026047064,0.31312296,0.057236433029174805
step_1210_pre_initialization_shape.ply,init,True,2500,67,2.68,0.026061838,0.3112516,0.044478416442871094
step_1220_pre_initialization_shape.ply,init,True,2500,73,2.92,0.027230825,0.31016043,0.05346870422363281
step_1230_pre_initialization_shape.ply,init,True,2500,80,3.2,0.028620556,0.3102326,0.028702974319458008
step_1240_pre_initialization_shape.ply,init,False,2500,65,2.6,0.028336182,0.30911654,0.03806877136230469
step_1250_pre_initialization_shape.ply,init,True,2500,58,2.32,0.02775102,0.30780184,0.03323626518249512
step_1260_pre_initialization_shape.ply,init,True,2500,41,1.6400000000000001,0.02702333,0.30904624,0.047258853912353516
step_1270_pre_initialization_shape.ply,init,False,2500,38,1.52,0.026045261,0.30885565,0.028554916381835938
step_1280_pre_initialization_shape.ply,init,True,2500,60,2.4,0.02556002,0.30856052,0.04780435562133789
step_1290_pre_initialization_shape.ply,init,True,2500,45,1.7999999999999998,0.024941202,0.30812687,0.037249088287353516
step_1300_pre_initialization_shape.ply,init,True,2500,41,1.6400000000000001,0.025114518,0.30672324,0.03990435600280762
step_1310_pre_initialization_shape.ply,init,True,2500,42,1.68,0.025640637,0.3057506,0.03598737716674805
step_1320_pre_initialization_shape.ply,init,True,2500,42,1.68,0.025505118,0.30442768,0.04510498046875
step_1330_pre_initialization_shape.ply,init,True,2500,43,1.72,0.025717773,0.30438456,0.03924965858459473
step_1340_pre_initialization_shape.ply,init,False,2500,54,2.16,0.02615888,0.30449072,0.04046297073364258
step_1350_pre_initialization_shape.ply,init,True,2500,50,2.0,0.026338363,0.30421764,0.03471994400024414
step_1360_pre_initialization_shape.ply,init,True,2500,23,0.9199999999999999,0.02631447,0.30426705,0.038822174072265625
step_1370_pre_initialization_shape.ply,init,False,2500,23,0.9199999999999999,0.025534738,0.3041437,0.04267621040344238
step_1380_pre_initialization_shape.ply,init,False,2500,31,1.24,0.024118604,0.30281708,0.03800559043884277
step_1390_pre_initialization_shape.ply,init,True,2500,38,1.52,0.02289494,0.3017893,0.040693044662475586
step_1400_pre_initialization_shape.ply,init,False,2500,22,0.88,0.022335486,0.3014107,0.0351870059967041
step_1410_pre_initialization_shape.ply,init,True,2500,59,2.36,0.023074072,0.30039787,0.0404667854309082
step_1420_pre_initialization_shape.ply,init,False,2500,36,1.44,0.024307787,0.29976472,0.036481380462646484
step_1430_pre_initialization_shape.ply,init,True,2500,60,2.4,0.02557192,0.29802212,0.03508567810058594
step_1440_pre_initialization_shape.ply,init,True,2500,41,1.6400000000000001,0.026084954,0.29801401,0.05206632614135742
step_1450_pre_initialization_shape.ply,init,False,2500,25,1.0,0.025487555,0.29797393,0.04048442840576172
step_1460_pre_initialization_shape.ply,init,False,2500,47,1.8800000000000001,0.024722235,0.2986461,0.07006502151489258
step_1470_pre_initialization_shape.ply,init,False,2500,18,0.72,0.023828017,0.29745993,0.04081416130065918
step_1480_pre_initialization_shape.ply,init,True,2500,61,2.44,0.024173032,0.29613778,0.07201313972473145
step_1490_pre_initialization_shape.ply,init,False,2500,33,1.32,0.025420422,0.2964114,0.07532358169555664
step_1500_pre_initialization_shape.ply,init,True,2500,87,3.4799999999999995,0.026274828,0.29492885,0.04576277732849121
step_1510_pre_initialization_shape.ply,init,False,2500,31,1.24,0.02619466,0.2950691,0.05141568183898926
step_1520_pre_initialization_shape.ply,init,True,2500,49,1.96,0.02474121,0.29394895,0.05402112007141113
step_1530_pre_initialization_shape.ply,init,True,2500,43,1.72,0.02354099,0.29399008,0.04275774955749512
step_1540_pre_initialization_shape.ply,init,False,2500,23,0.9199999999999999,0.022683594,0.29487705,0.046805381774902344
step_1550_pre_initialization_shape.ply,init,False,2500,49,1.96,0.022756375,0.2935396,0.03808879852294922
step_1560_pre_initialization_shape.ply,init,True,2500,60,2.4,0.023223069,0.2918093,0.03987312316894531
step_1570_pre_initialization_shape.ply,init,True,2500,54,2.16,0.023575202,0.29161552,0.0385892391204834
step_1580_pre_initialization_shape.ply,init,True,2500,57,2.2800000000000002,0.023928158,0.29192823,0.03452754020690918
step_1590_pre_initialization_shape.ply,init,True,2500,26,1.04,0.024011,0.2924056,0.04388713836669922
step_1600_pre_initialization_shape.ply,init,False,2500,33,1.32,0.02350551,0.2918121,0.05528855323791504
step_1610_pre_initialization_shape.ply,init,True,2500,45,1.7999999999999998,0.023380803,0.289723,0.06835460662841797
step_1620_pre_initialization_shape.ply,init,False,2500,48,1.92,0.02405438,0.28951332,0.04059243202209473
step_1630_pre_initialization_shape.ply,init,True,2500,87,3.4799999999999995,0.024752945,0.28947887,0.04802536964416504
step_1640_pre_initialization_shape.ply,init,False,2500,54,2.16,0.025442347,0.28824556,0.03209543228149414
step_1650_pre_initialization_shape.ply,init,False,2500,76,3.04,0.025298173,0.2866413,0.031121015548706055
step_1660_pre_initialization_shape.ply,init,True,2500,80,3.2,0.025386618,0.2865535,0.04317188262939453
step_1670_pre_initialization_shape.ply,init,False,2500,60,2.4,0.025238626,0.2872666,0.04132890701293945
step_1680_pre_initialization_shape.ply,init,False,2500,50,2.0,0.024220496,0.28646275,0.042736053466796875
step_1690_pre_initialization_shape.ply,init,False,2500,67,2.68,0.023422701,0.2861108,0.03881335258483887
step_1700_pre_initialization_shape.ply,init,True,2500,44,1.76,0.023025265,0.2855272,0.03099966049194336
step_1710_pre_initialization_shape.ply,init,False,2500,46,1.8399999999999999,0.022327546,0.28531998,0.046545982360839844
step_1720_pre_initialization_shape.ply,init,False,2500,53,2.12,0.022525406,0.28476575,0.034403324127197266
step_1730_pre_initialization_shape.ply,init,False,2500,68,2.7199999999999998,0.023877239,0.2839921,0.045220375061035156
step_1740_pre_initialization_shape.ply,init,True,2500,74,2.96,0.024232663,0.28238434,0.031134605407714844
step_1750_pre_initialization_shape.ply,init,False,2500,77,3.08,0.02473931,0.2817617,0.0414271354675293
step_1760_pre_initialization_shape.ply,init,False,2500,67,2.68,0.024894604,0.2822798,0.050797462463378906
step_1770_pre_initialization_shape.ply,init,False,2500,86,3.44,0.02521179,0.2827586,0.04141998291015625
step_1780_pre_initialization_shape.ply,init,False,2500,68,2.7199999999999998,0.024209548,0.28149948,0.04101395606994629
step_1790_pre_initialization_shape.ply,init,False,2500,67,2.68,0.023291701,0.2797587,0.08437252044677734
step_1800_pre_initialization_shape.ply,init,True,2500,109,4.36,0.023475729,0.27953067,0.06660914421081543
step_1810_pre_initialization_shape.ply,init,True,2500,80,3.2,0.024172788,0.27991888,0.055524587631225586
step_1820_pre_initialization_shape.ply,init,True,2500,107,4.279999999999999,0.024290865,0.2782619,0.062104225158691406
step_1830_pre_initialization_shape.ply,init,True,2500,93,3.7199999999999998,0.024431838,0.2788212,0.05360078811645508
step_1840_pre_initialization_shape.ply,init,False,2500,92,3.6799999999999997,0.02481325,0.27926257,0.049657344818115234
step_1850_pre_initialization_shape.ply,init,False,2500,111,4.44,0.025002813,0.27916977,0.057890892028808594
step_1860_pre_initialization_shape.ply,init,True,2500,83,3.32,0.02470666,0.27881864,0.0522763729095459
step_1870_pre_initialization_shape.ply,init,False,2500,82,3.2800000000000002,0.024135064,0.2782146,0.04484963417053223
step_1880_pre_initialization_shape.ply,init,False,2500,104,4.16,0.023319228,0.27719492,0.05147814750671387
step_1890_pre_initialization_shape.ply,init,True,2500,97,3.88,0.022480039,0.2771193,0.04151630401611328
step_1900_pre_initialization_shape.ply,init,False,2500,120,4.8,0.022627274,0.2765041,0.05066323280334473
step_1910_pre_initialization_shape.ply,init,False,2500,124,4.96,0.02357405,0.27595234,0.06402325630187988
step_1920_pre_initialization_shape.ply,init,True,2500,133,5.319999999999999,0.024550762,0.2752199,0.06370282173156738
step_1930_pre_initialization_shape.ply,init,True,2500,116,4.64,0.025216816,0.27525753,0.04488325119018555
step_1940_pre_initialization_shape.ply,init,False,2500,116,4.64,0.024750933,0.27417114,0.03931927680969238
step_1950_pre_initialization_shape.ply,init,False,2500,122,4.88,0.023909349,0.2749901,0.0428309440612793
step_1960_pre_initialization_shape.ply,init,False,2500,135,5.4,0.02362652,0.2750987,0.04156637191772461
step_1970_pre_initialization_shape.ply,init,False,2500,116,4.64,0.02334538,0.2742555,0.045819997787475586
step_1980_pre_initialization_shape.ply,init,False,2500,131,5.24,0.024024967,0.27353808,0.04951214790344238
step_1990_pre_initialization_shape.ply,init,False,2500,121,4.84,0.023223883,0.2731065,0.039197683334350586
step_0700_iter_00_shape.ply,iter,True,2500,82,3.2800000000000002,0.0008723204,0.2725265,0.02838444709777832
step_0700_iter_01_shape.ply,iter,True,2500,0,0.0,0.00029524637,0.47522035,0.031133413314819336
step_0700_iter_02_shape.ply,iter,True,2500,0,0.0,0.00017733793,0.47513354,0.03974461555480957
step_0700_iter_03_shape.ply,iter,True,2500,0,0.0,0.00013111476,0.47516397,0.0503695011138916
step_0710_iter_00_shape.ply,iter,True,2500,0,0.0,0.00080470304,0.4751788,0.05682015419006348
step_0710_iter_01_shape.ply,iter,True,2500,0,0.0,0.00028123774,0.47010854,0.03955245018005371
step_0710_iter_02_shape.ply,iter,True,2500,0,0.0,0.0001658385,0.47020206,0.03266501426696777
step_0710_iter_03_shape.ply,iter,True,2500,0,0.0,0.00012271077,0.47020558,0.03085494041442871
step_0720_iter_00_shape.ply,iter,True,2500,0,0.0,0.0007820707,0.47021005,0.04075121879577637
step_0720_iter_01_shape.ply,iter,True,2500,0,0.0,0.00029751836,0.46507433,0.04841756820678711
step_0720_iter_02_shape.ply,iter,True,2500,0,0.0,0.00018009006,0.46514902,0.08033251762390137
step_0720_iter_03_shape.ply,iter,True,2500,0,0.0,0.00013244389,0.4651544,0.05217623710632324
step_0730_iter_00_shape.ply,iter,True,2500,0,0.0,0.0008197546,0.4651536,0.05289649963378906
step_0730_iter_01_shape.ply,iter,True,2500,0,0.0,0.0003055092,0.45838434,0.04999685287475586
step_0730_iter_02_shape.ply,iter,True,2500,0,0.0,0.00018388484,0.45849317,0.039853572845458984
step_0730_iter_03_shape.ply,iter,True,2500,0,0.0,0.00013729635,0.45850235,0.043642282485961914
step_0740_iter_00_shape.ply,iter,True,2500,0,0.0,0.0007895936,0.45850733,0.032842397689819336
step_0740_iter_01_shape.ply,iter,True,2500,0,0.0,0.00029446633,0.4498125,0.03354310989379883
step_0740_iter_02_shape.ply,iter,True,2500,0,0.0,0.0001829242,0.44986793,0.02770686149597168
step_0740_iter_03_shape.ply,iter,True,2500,0,0.0,0.00013666066,0.4498793,0.02774810791015625
step_0750_iter_00_shape.ply,iter,True,2500,0,0.0,0.000765421,0.4498835,0.038527727127075195
step_0750_iter_01_shape.ply,iter,True,2500,0,0.0,0.00028520016,0.43841094,0.03114485740661621
step_0750_iter_02_shape.ply,iter,True,2500,0,0.0,0.00017338994,0.4384985,0.021399974822998047
step_0750_iter_03_shape.ply,iter,True,2500,0,0.0,0.0001269151,0.43851635,0.04031682014465332
step_0760_iter_00_shape.ply,iter,True,2500,0,0.0,0.000897913,0.43852618,0.02483987808227539
step_0760_iter_01_shape.ply,iter,True,2500,0,0.0,0.00033091768,0.42727628,0.028992176055908203
step_0760_iter_02_shape.ply,iter,True,2500,0,0.0,0.00019093683,0.42731205,0.03110361099243164
step_0760_iter_03_shape.ply,iter,True,2500,0,0.0,0.00013721685,0.42723614,0.03129005432128906
step_0770_iter_00_shape.ply,iter,True,2500,0,0.0,0.0009423707,0.42722538,0.03199052810668945
step_0770_iter_01_shape.ply,iter,True,2500,0,0.0,0.00035367056,0.41696504,0.026291370391845703
step_0770_iter_02_shape.ply,iter,True,2500,0,0.0,0.00021249373,0.41686553,0.041710853576660156
step_0770_iter_03_shape.ply,iter,True,2500,0,0.0,0.00015600026,0.41686141,0.03276491165161133
step_0780_iter_00_shape.ply,iter,True,2500,0,0.0,0.0008260233,0.4168325,0.024811983108520508
step_0780_iter_01_shape.ply,iter,True,2500,0,0.0,0.00033595366,0.40607613,0.03027939796447754
step_0780_iter_02_shape.ply,iter,True,2500,0,0.0,0.00020420969,0.40626544,0.04262948036193848
step_0780_iter_03_shape.ply,iter,True,2500,0,0.0,0.00014913942,0.40629017,0.030425310134887695
step_0790_iter_00_shape.ply,iter,True,2500,0,0.0,0.0007388071,0.40630868,0.043885231018066406
step_0790_iter_01_shape.ply,iter,True,2500,0,0.0,0.0002960175,0.39849445,0.05147051811218262
step_0790_iter_02_shape.ply,iter,True,2500,0,0.0,0.00018805556,0.39856538,0.03418588638305664
step_0790_iter_03_shape.ply,iter,True,2500,0,0.0,0.00014267387,0.3986,0.02738332748413086
step_0800_iter_00_shape.ply,iter,True,2500,0,0.0,0.0008338154,0.39861354,0.03511166572570801
step_0800_iter_01_shape.ply,iter,True,2500,0,0.0,0.00037854715,0.3875813,0.035387277603149414
step_0800_iter_02_shape.ply,iter,True,2500,0,0.0,0.000232333,0.38791507,0.03380084037780762
step_0800_iter_03_shape.ply,iter,True,2500,0,0.0,0.00017207746,0.38779247,0.03822040557861328
step_0810_iter_00_shape.ply,iter,True,2500,0,0.0,0.0008161175,0.38786384,0.03572368621826172
step_0810_iter_01_shape.ply,iter,True,2500,0,0.0,0.00035774827,0.38086918,0.03909182548522949
step_0810_iter_02_shape.ply,iter,True,2500,0,0.0,0.0002396531,0.38088647,0.04757881164550781
step_0810_iter_03_shape.ply,iter,True,2500,0,0.0,0.00018046326,0.38086054,0.04677319526672363
step_0820_iter_00_shape.ply,iter,True,2500,0,0.0,0.0009484091,0.380904,0.061026811599731445
step_0820_iter_01_shape.ply,iter,True,2500,6,0.24,0.00040769242,0.36972207,0.044137001037597656
step_0820_iter_02_shape.ply,iter,True,2500,0,0.0,0.0002606086,0.36998934,0.057056427001953125
step_0820_iter_03_shape.ply,iter,True,2500,1,0.04,0.0002059832,0.36984435,0.049575090408325195
step_0830_iter_00_shape.ply,iter,True,2500,0,0.0,0.000853334,0.37001976,0.03491568565368652
step_0830_iter_01_shape.ply,iter,True,2500,0,0.0,0.00036096302,0.3605115,0.046236515045166016
step_0830_iter_02_shape.ply,iter,True,2500,0,0.0,0.00024002872,0.3607922,0.027982711791992188
step_0830_iter_03_shape.ply,iter,True,2500,0,0.0,0.00018659102,0.3608058,0.04603266716003418
step_0840_iter_00_shape.ply,iter,True,2500,0,0.0,0.00076133205,0.36084503,0.03205251693725586
step_0840_iter_01_shape.ply,iter,True,2500,0,0.0,0.0003592663,0.35656136,0.041517019271850586
step_0840_iter_02_shape.ply,iter,True,2500,0,0.0,0.0002573533,0.3568972,0.03884077072143555
step_0840_iter_03_shape.ply,iter,True,2500,0,0.0,0.00021356065,0.35671937,0.037567138671875
step_0850_iter_00_shape.ply,iter,True,2500,0,0.0,0.00082495535,0.35687536,0.027757644653320312
step_0850_iter_01_shape.ply,iter,True,2500,0,0.0,0.00039401592,0.3534374,0.04022502899169922
step_0850_iter_02_shape.ply,iter,True,2500,0,0.0,0.00028830164,0.35376227,0.04201936721801758
step_0850_iter_03_shape.ply,iter,True,2500,0,0.0,0.00023677661,0.35357523,0.03675198554992676
step_0860_iter_00_shape.ply,iter,True,2500,0,0.0,0.00091007864,0.35375443,0.03312969207763672
step_0860_iter_01_shape.ply,iter,True,2500,0,0.0,0.000460001,0.34917226,0.041735172271728516
step_0860_iter_02_shape.ply,iter,True,2500,0,0.0,0.0003383455,0.3493436,0.03286027908325195
step_0860_iter_03_shape.ply,iter,True,2500,0,0.0,0.0002806294,0.34935734,0.03943514823913574
step_0870_iter_00_shape.ply,iter,True,2500,0,0.0,0.00092149945,0.34936732,0.03176283836364746
step_0870_iter_01_shape.ply,iter,True,2500,0,0.0,0.00043343057,0.34558594,0.04514360427856445
step_0870_iter_02_shape.ply,iter,True,2500,0,0.0,0.00031190403,0.34569374,0.042192935943603516
step_0870_iter_03_shape.ply,iter,True,2500,0,0.0,0.00025760246,0.3456545,0.04039478302001953
step_0880_iter_00_shape.ply,iter,True,2500,0,0.0,0.0011641752,0.3456909,0.03197073936462402
step_0880_iter_01_shape.ply,iter,True,2500,0,0.0,0.0005134786,0.34299892,0.04154181480407715
step_0880_iter_02_shape.ply,iter,True,2500,0,0.0,0.00035033803,0.3433502,0.036398887634277344
step_0880_iter_03_shape.ply,iter,True,2500,0,0.0,0.00027413404,0.34335846,0.04359245300292969
step_0890_iter_00_shape.ply,iter,True,2500,0,0.0,0.0011668474,0.34338763,0.034114837646484375
step_0890_iter_01_shape.ply,iter,True,2500,0,0.0,0.0004842156,0.34120616,0.031089067459106445
step_0890_iter_02_shape.ply,iter,True,2500,0,0.0,0.00032577745,0.34152982,0.0419769287109375
step_0890_iter_03_shape.ply,iter,True,2500,0,0.0,0.00025462112,0.34150755,0.03563070297241211
step_0900_iter_00_shape.ply,iter,True,2500,2,0.08,0.0013409079,0.34152114,0.04100751876831055
step_0900_iter_01_shape.ply,iter,True,2500,9,0.36,0.00063888135,0.33708784,0.049144744873046875
step_0900_iter_02_shape.ply,iter,True,2500,0,0.0,0.0004334021,0.3378135,0.04161381721496582
step_0900_iter_03_shape.ply,iter,True,2500,0,0.0,0.0003510595,0.3376136,0.05092477798461914
step_0910_iter_00_shape.ply,iter,True,2500,0,0.0,0.0011086586,0.33785087,0.0513613224029541
step_0910_iter_01_shape.ply,iter,True,2500,1,0.04,0.0005505247,0.33608946,0.042146921157836914
step_0910_iter_02_shape.ply,iter,True,2500,0,0.0,0.00040771405,0.33623767,0.038971900939941406
step_0910_iter_03_shape.ply,iter,True,2500,1,0.04,0.000330865,0.33628416,0.041979312896728516
step_0920_iter_00_shape.ply,iter,True,2500,0,0.0,0.0008103137,0.3362835,0.030289411544799805
step_0920_iter_01_shape.ply,iter,True,2500,0,0.0,0.0003776874,0.33804664,0.030646562576293945
step_0920_iter_02_shape.ply,iter,True,2500,0,0.0,0.0002603646,0.3380602,0.03538107872009277
step_0920_iter_03_shape.ply,iter,True,2500,0,0.0,0.00020750554,0.33806288,0.03799319267272949
step_0930_iter_00_shape.ply,iter,True,2500,0,0.0,0.000797814,0.33804923,0.041792869567871094
step_0930_iter_01_shape.ply,iter,True,2500,0,0.0,0.0004018185,0.3368124,0.03811335563659668
step_0930_iter_02_shape.ply,iter,True,2500,0,0.0,0.00029485804,0.33686376,0.037924766540527344
step_0930_iter_03_shape.ply,iter,True,2500,0,0.0,0.00024557702,0.3367813,0.03220820426940918
step_0940_iter_00_shape.ply,iter,True,2500,0,0.0,0.00096278783,0.33682156,0.030145883560180664
step_0940_iter_01_shape.ply,iter,True,2500,11,0.44,0.00058786804,0.32987297,0.034874677658081055
step_0940_iter_02_shape.ply,iter,True,2500,1,0.04,0.00048929226,0.33038145,0.04062056541442871
step_0940_iter_03_shape.ply,iter,True,2500,6,0.24,0.00043469595,0.33004034,0.04425978660583496
step_0950_iter_00_shape.ply,iter,True,2500,2,0.08,0.0011231012,0.3303645,0.03340744972229004
step_0950_iter_01_shape.ply,iter,True,2500,4,0.16,0.0006906844,0.32557032,0.03465628623962402
step_0950_iter_02_shape.ply,iter,True,2500,1,0.04,0.00057614484,0.32584658,0.03613162040710449
step_0950_iter_03_shape.ply,iter,True,2500,3,0.12,0.00050442555,0.32579586,0.03295540809631348
step_0960_iter_00_shape.ply,iter,True,2500,4,0.16,0.0010286751,0.32584187,0.02790379524230957
step_0960_iter_01_shape.ply,iter,True,2500,2,0.08,0.0005949761,0.3246997,0.04368424415588379
step_0960_iter_02_shape.ply,iter,True,2500,1,0.04,0.0005027435,0.3250636,0.03529024124145508
step_0960_iter_03_shape.ply,iter,True,2500,4,0.16,0.00045527378,0.32476753,0.03462672233581543
step_0970_iter_00_shape.ply,iter,True,2500,13,0.52,0.0012306578,0.32511085,0.03355765342712402
step_0970_iter_01_shape.ply,iter,True,2500,14,0.5599999999999999,0.0007218402,0.32526547,0.03696298599243164
step_0970_iter_02_shape.ply,iter,True,2500,5,0.2,0.0005651957,0.3258342,0.023427963256835938
step_0970_iter_03_shape.ply,iter,True,2500,7,0.27999999999999997,0.0005005762,0.32573235,0.039689064025878906
step_0980_iter_00_shape.ply,iter,True,2500,7,0.27999999999999997,0.0010378595,0.32586232,0.030534744262695312
step_0980_iter_01_shape.ply,iter,True,2500,16,0.64,0.00064234034,0.32909125,0.04115724563598633
step_0980_iter_02_shape.ply,iter,True,2500,5,0.2,0.0005266673,0.32943025,0.035921335220336914
step_0980_iter_03_shape.ply,iter,True,2500,5,0.2,0.00048085142,0.3294134,0.03296375274658203
step_0990_iter_00_shape.ply,iter,True,2500,16,0.64,0.0010798202,0.32940465,0.032140493392944336
step_0990_iter_01_shape.ply,iter,True,2500,9,0.36,0.00060458324,0.3319648,0.0574495792388916
step_0990_iter_02_shape.ply,iter,True,2500,6,0.24,0.00049304793,0.33244053,0.041999101638793945
step_0990_iter_03_shape.ply,iter,True,2500,5,0.2,0.00043184022,0.33229926,0.04299664497375488
step_1000_iter_00_shape.ply,iter,True,2500,10,0.4,0.0009609077,0.33235162,0.04656100273132324
step_1000_iter_01_shape.ply,iter,True,2500,14,0.5599999999999999,0.00059983303,0.3307275,0.041959524154663086
step_1000_iter_02_shape.ply,iter,True,2500,11,0.44,0.00050834223,0.33051562,0.056151628494262695
step_1000_iter_03_shape.ply,iter,True,2500,10,0.4,0.00048138236,0.33083346,0.035874128341674805
step_1010_iter_00_shape.ply,iter,True,2500,17,0.6799999999999999,0.00095858757,0.33051506,0.034749507904052734
step_1010_iter_01_shape.ply,iter,True,2500,5,0.2,0.00056091126,0.32704636,0.03299975395202637
step_1010_iter_02_shape.ply,iter,True,2500,4,0.16,0.0004527719,0.32661697,0.03500723838806152
step_1010_iter_03_shape.ply,iter,True,2500,2,0.08,0.00040152544,0.3271456,0.0371549129486084
step_1020_iter_00_shape.ply,iter,True,2500,15,0.6,0.0010375887,0.32664403,0.03367114067077637
step_1020_iter_01_shape.ply,iter,True,2500,11,0.44,0.00067573274,0.3232087,0.032491207122802734
step_1020_iter_02_shape.ply,iter,True,2500,6,0.24,0.0005725704,0.32328373,0.03746628761291504
step_1020_iter_03_shape.ply,iter,True,2500,2,0.08,0.0005110552,0.3234743,0.034513235092163086
step_1030_iter_00_shape.ply,iter,True,2500,14,0.5599999999999999,0.0010331061,0.3233187,0.032326459884643555
step_1030_iter_01_shape.ply,iter,True,2500,8,0.32,0.0006509491,0.32214472,0.034429311752319336
step_1030_iter_02_shape.ply,iter,True,2500,5,0.2,0.0005559083,0.32211757,0.035904645919799805
step_1030_iter_03_shape.ply,iter,True,2500,4,0.16,0.00053451385,0.32232255,0.0350193977355957
step_1040_iter_00_shape.ply,iter,True,2500,8,0.32,0.00094799063,0.32212058,0.03542041778564453
step_1040_iter_01_shape.ply,iter,True,2500,15,0.6,0.00062959443,0.32169357,0.0322723388671875
step_1040_iter_02_shape.ply,iter,True,2500,1,0.04,0.0005713367,0.3221786,0.035282135009765625
step_1040_iter_03_shape.ply,iter,True,2500,13,0.52,0.00055653084,0.32168937,0.03429269790649414
step_1050_iter_00_shape.ply,iter,True,2500,16,0.64,0.0011548706,0.32207942,0.03363442420959473
step_1050_iter_01_shape.ply,iter,True,2500,14,0.5599999999999999,0.0008470267,0.3220414,0.03333401679992676
step_1050_iter_02_shape.ply,iter,True,2500,19,0.76,0.00078981,0.32210165,0.03354167938232422
step_1050_iter_03_shape.ply,iter,True,2500,18,0.72,0.00076064165,0.32217997,0.03029489517211914
step_1060_iter_00_shape.ply,iter,True,2500,13,0.52,0.0010568083,0.32210112,0.03829836845397949
step_1060_iter_01_shape.ply,iter,True,2500,24,0.96,0.0007448957,0.32114348,0.033483266830444336
step_1060_iter_02_shape.ply,iter,True,2500,15,0.6,0.0007059521,0.32108644,0.03369283676147461
step_1060_iter_03_shape.ply,iter,True,2500,19,0.76,0.0007198995,0.3212382,0.03384256362915039
step_1070_iter_00_shape.ply,iter,True,2500,38,1.52,0.0012214524,0.32099473,0.03332924842834473
step_1070_iter_01_shape.ply,iter,False,2500,18,0.72,0.0009159692,0.32099524,0.028383493423461914
step_1070_iter_02_shape.ply,iter,True,2500,28,1.1199999999999999,0.0008543788,0.32050392,0.03975725173950195
step_1070_iter_03_shape.ply,iter,True,2500,18,0.72,0.00082641986,0.3209923,0.030263185501098633
step_1080_iter_00_shape.ply,iter,True,2500,24,0.96,0.0011905461,0.32051554,0.0371243953704834
step_1080_iter_01_shape.ply,iter,True,2500,36,1.44,0.00084077806,0.32075816,0.04163169860839844
step_1080_iter_02_shape.ply,iter,True,2500,11,0.44,0.00075432827,0.3209582,0.03529095649719238
step_1080_iter_03_shape.ply,iter,True,2500,16,0.64,0.00072164834,0.32099319,0.0618746280670166
step_1090_iter_00_shape.ply,iter,True,2500,21,0.84,0.0010903345,0.3209776,0.06865787506103516
step_1090_iter_01_shape.ply,iter,True,2500,20,0.8,0.0007316941,0.32129893,0.05798220634460449
step_1090_iter_02_shape.ply,iter,True,2500,7,0.27999999999999997,0.00065668527,0.32133517,0.0473630428314209
step_1090_iter_03_shape.ply,iter,True,2500,16,0.64,0.0006332512,0.321448,0.04610800743103027
step_1100_iter_00_shape.ply,iter,True,2500,23,0.9199999999999999,0.0010655219,0.32128873,0.03524971008300781
step_1100_iter_01_shape.ply,iter,True,2500,15,0.6,0.00068539474,0.32088587,0.04069662094116211
step_1100_iter_02_shape.ply,iter,True,2500,9,0.36,0.00056116737,0.32046416,0.039998531341552734
step_1100_iter_03_shape.ply,iter,True,2500,12,0.48,0.00049800146,0.3209992,0.02770256996154785
step_1110_iter_00_shape.ply,iter,True,2500,10,0.4,0.0008729085,0.32049686,0.04219841957092285
step_1110_iter_01_shape.ply,iter,True,2500,10,0.4,0.0004951217,0.3186241,0.030234336853027344
step_1110_iter_02_shape.ply,iter,True,2500,4,0.16,0.00046684494,0.31862172,0.042981863021850586
step_1110_iter_03_shape.ply,iter,True,2500,6,0.24,0.00047375928,0.31883788,0.027086973190307617
step_1120_iter_00_shape.ply,iter,True,2500,8,0.32,0.00083721866,0.31854093,0.03807234764099121
step_1120_iter_01_shape.ply,iter,True,2500,15,0.6,0.0005549531,0.31829274,0.03762984275817871
step_1120_iter_02_shape.ply,iter,True,2500,8,0.32,0.00049592165,0.31796902,0.03842902183532715
step_1120_iter_03_shape.ply,iter,True,2500,11,0.44,0.0004638813,0.31841052,0.034746408462524414
step_1130_iter_00_shape.ply,iter,True,2500,26,1.04,0.0011784028,0.31789964,0.03296518325805664
step_1130_iter_01_shape.ply,iter,True,2500,19,0.76,0.0007709075,0.3174543,0.041724443435668945
step_1130_iter_02_shape.ply,iter,True,2500,14,0.5599999999999999,0.0006913295,0.3172195,0.03643989562988281
step_1130_iter_03_shape.ply,iter,True,2500,11,0.44,0.00064841245,0.31764156,0.03766489028930664
step_1140_iter_00_shape.ply,iter,True,2500,19,0.76,0.0011301958,0.31731826,0.03318524360656738
step_1140_iter_01_shape.ply,iter,True,2500,21,0.84,0.00074015383,0.31676638,0.042135000228881836
step_1140_iter_02_shape.ply,iter,True,2500,16,0.64,0.0006590348,0.3166659,0.03929448127746582
step_1140_iter_03_shape.ply,iter,True,2500,18,0.72,0.00062435085,0.31695613,0.03465747833251953
step_1150_iter_00_shape.ply,iter,True,2500,18,0.72,0.0013505233,0.31668794,0.034674644470214844
step_1150_iter_01_shape.ply,iter,True,2500,25,1.0,0.0010516972,0.31522378,0.0343778133392334
step_1150_iter_02_shape.ply,iter,True,2500,24,0.96,0.00097577495,0.31547472,0.03532147407531738
step_1150_iter_03_shape.ply,iter,True,2500,19,0.76,0.0009298538,0.31550282,0.03604435920715332
step_1160_iter_00_shape.ply,iter,True,2500,38,1.52,0.0013834033,0.3153611,0.0327143669128418
step_1160_iter_01_shape.ply,iter,True,2500,29,1.16,0.0010575019,0.31539762,0.0387415885925293
step_1160_iter_02_shape.ply,iter,True,2500,19,0.76,0.0009940042,0.3155751,0.07661199569702148
step_1160_iter_03_shape.ply,iter,True,2500,35,1.4000000000000001,0.0010034946,0.31530163,0.03479123115539551
step_1170_iter_00_shape.ply,iter,True,2500,35,1.4000000000000001,0.0017102574,0.3155812,0.03665661811828613
step_1170_iter_01_shape.ply,iter,True,2500,44,1.76,0.0014011974,0.31477597,0.04967308044433594
step_1170_iter_02_shape.ply,iter,True,2500,32,1.28,0.001288207,0.31494775,0.05534791946411133
step_1170_iter_03_shape.ply,iter,True,2500,29,1.16,0.0012612444,0.3150013,0.04220414161682129
step_1180_iter_00_shape.ply,iter,True,2500,36,1.44,0.0018360615,0.31494984,0.04266786575317383
step_1180_iter_01_shape.ply,iter,True,2500,41,1.6400000000000001,0.0013092669,0.31379342,0.04413414001464844
step_1180_iter_02_shape.ply,iter,True,2500,30,1.2,0.0011855968,0.3143781,0.03767085075378418
step_1180_iter_03_shape.ply,iter,True,2500,30,1.2,0.0011325285,0.31426293,0.03592944145202637
step_1190_iter_00_shape.ply,iter,True,2500,52,2.08,0.0016422459,0.31446284,0.04902362823486328
step_1190_iter_01_shape.ply,iter,True,2500,36,1.44,0.0012756311,0.31279853,0.03484678268432617
step_1190_iter_02_shape.ply,iter,True,2500,36,1.44,0.0011795505,0.31239682,0.034477949142456055
step_1190_iter_03_shape.ply,iter,True,2500,32,1.28,0.0011958509,0.31320435,0.0299532413482666
step_1200_iter_00_shape.ply,iter,True,2500,41,1.6400000000000001,0.00139586,0.31230924,0.04034757614135742
step_1200_iter_01_shape.ply,iter,True,2500,43,1.72,0.0010727082,0.3108507,0.033746957778930664
step_1200_iter_02_shape.ply,iter,True,2500,37,1.48,0.0009798955,0.31057847,0.030735254287719727
step_1200_iter_03_shape.ply,iter,True,2500,30,1.2,0.0009480938,0.31116024,0.04089999198913574
step_1210_iter_00_shape.ply,iter,True,2500,46,1.8399999999999999,0.0014054031,0.3105052,0.03321051597595215
step_1210_iter_01_shape.ply,iter,True,2500,26,1.04,0.0010360079,0.30986586,0.03469133377075195
step_1210_iter_02_shape.ply,iter,True,2500,27,1.08,0.0009596243,0.30930123,0.036237239837646484
step_1210_iter_03_shape.ply,iter,True,2500,24,0.96,0.00092374353,0.30983853,0.027191877365112305
step_1220_iter_00_shape.ply,iter,True,2500,64,2.56,0.0018611561,0.30928314,0.04262828826904297
step_1220_iter_01_shape.ply,iter,True,2500,36,1.44,0.001341763,0.30955967,0.03458595275878906
step_1220_iter_02_shape.ply,iter,False,2500,43,1.72,0.0012313824,0.309423,0.035254716873168945
step_1220_iter_03_shape.ply,iter,True,2500,47,1.8800000000000001,0.001216925,0.3097354,0.033383846282958984
step_1230_iter_00_shape.ply,iter,True,2500,57,2.2800000000000002,0.002204154,0.3094032,0.036067962646484375
step_1230_iter_01_shape.ply,iter,True,2500,50,2.0,0.0015858331,0.30819196,0.03399538993835449
step_1230_iter_02_shape.ply,iter,True,2500,41,1.6400000000000001,0.0013730132,0.3083763,0.038458824157714844
step_1230_iter_03_shape.ply,iter,True,2500,32,1.28,0.0012882873,0.30865696,0.03088521957397461
step_1240_iter_00_shape.ply,iter,True,2500,67,2.68,0.0020288744,0.30846465,0.03474831581115723
step_1240_iter_01_shape.ply,iter,True,2500,57,2.2800000000000002,0.0015179086,0.3071045,0.03654050827026367
step_1240_iter_02_shape.ply,iter,True,2500,43,1.72,0.0013905016,0.30711526,0.034399986267089844
step_1240_iter_03_shape.ply,iter,True,2500,43,1.72,0.0013673762,0.30716002,0.0324249267578125
step_1250_iter_00_shape.ply,iter,True,2500,46,1.8399999999999999,0.0017103733,0.30713263,0.03740859031677246
step_1250_iter_01_shape.ply,iter,True,2500,28,1.1199999999999999,0.0014134166,0.308472,0.03371834754943848
step_1250_iter_02_shape.ply,iter,True,2500,28,1.1199999999999999,0.0013083594,0.30799386,0.03282761573791504
step_1250_iter_03_shape.ply,iter,True,2500,27,1.08,0.0013010808,0.30851752,0.034859657287597656
step_1260_iter_00_shape.ply,iter,True,2500,32,1.28,0.0017918812,0.30797118,0.035437583923339844
step_1260_iter_01_shape.ply,iter,True,2500,38,1.52,0.0013665055,0.30792496,0.038222312927246094
step_1260_iter_02_shape.ply,iter,False,2500,30,1.2,0.0012610083,0.30840653,0.06140947341918945
step_1260_iter_03_shape.ply,iter,True,2500,39,1.5599999999999998,0.0012792232,0.30813912,0.04555702209472656
step_1270_iter_00_shape.ply,iter,True,2500,33,1.32,0.001591823,0.30830225,0.03745579719543457
step_1270_iter_01_shape.ply,iter,True,2500,32,1.28,0.0010846443,0.3079713,0.037077903747558594
step_1270_iter_02_shape.ply,iter,True,2500,15,0.6,0.00088428805,0.30780828,0.03936266899108887
step_1270_iter_03_shape.ply,iter,True,2500,15,0.6,0.00080440694,0.30826464,0.04482293128967285
step_1280_iter_00_shape.ply,iter,True,2500,44,1.76,0.0018523283,0.30790162,0.03907179832458496
step_1280_iter_01_shape.ply,iter,True,2500,46,1.8399999999999999,0.0013052002,0.30737922,0.03519487380981445
step_1280_iter_02_shape.ply,iter,True,2500,23,0.9199999999999999,0.0011717537,0.30705965,0.029148578643798828
step_1280_iter_03_shape.ply,iter,True,2500,26,1.04,0.0011630332,0.30770004,0.03565406799316406
step_1290_iter_00_shape.ply,iter,True,2500,43,1.72,0.0017455097,0.3069887,0.03602790832519531
step_1290_iter_01_shape.ply,iter,True,2500,39,1.5599999999999998,0.0011949906,0.30611387,0.035835981369018555
step_1290_iter_02_shape.ply,iter,True,2500,23,0.9199999999999999,0.0010743168,0.3059128,0.0311276912689209
step_1290_iter_03_shape.ply,iter,True,2500,23,0.9199999999999999,0.0010207865,0.3066481,0.03486299514770508
step_1300_iter_00_shape.ply,iter,True,2500,41,1.6400000000000001,0.0017609593,0.3058938,0.037148475646972656
step_1300_iter_01_shape.ply,iter,True,2500,49,1.96,0.0013742539,0.30500138,0.03699231147766113
step_1300_iter_02_shape.ply,iter,False,2500,31,1.24,0.0013214585,0.30493858,0.030667543411254883
step_1300_iter_03_shape.ply,iter,True,2500,35,1.4000000000000001,0.0012471556,0.3050699,0.03629779815673828
step_1310_iter_00_shape.ply,iter,True,2500,33,1.32,0.0015524866,0.30483335,0.034052371978759766
step_1310_iter_01_shape.ply,iter,True,2500,35,1.4000000000000001,0.0011933567,0.30385396,0.02651667594909668
step_1310_iter_02_shape.ply,iter,True,2500,37,1.48,0.0011011388,0.30339634,0.03653240203857422
step_1310_iter_03_shape.ply,iter,True,2500,27,1.08,0.0010994661,0.30426407,0.03394150733947754
step_1320_iter_00_shape.ply,iter,True,2500,33,1.32,0.0014968717,0.30337042,0.0337674617767334
step_1320_iter_01_shape.ply,iter,True,2500,33,1.32,0.0011841017,0.3038448,0.03460836410522461
step_1320_iter_02_shape.ply,iter,True,2500,20,0.8,0.0010371163,0.30345377,0.03778576850891113
step_1320_iter_03_shape.ply,iter,True,2500,11,0.44,0.00096887414,0.30398872,0.033614158630371094
step_1330_iter_00_shape.ply,iter,True,2500,32,1.28,0.0016990565,0.3034189,0.03166365623474121
step_1330_iter_01_shape.ply,iter,True,2500,27,1.08,0.0012866514,0.30364668,0.03730297088623047
step_1330_iter_02_shape.ply,iter,True,2500,18,0.72,0.0011657781,0.30386138,0.035544395446777344
step_1330_iter_03_shape.ply,iter,True,2500,23,0.9199999999999999,0.0011671053,0.3040552,0.03192400932312012
step_1340_iter_00_shape.ply,iter,False,2500,21,0.84,0.001786748,0.30388248,0.033525705337524414
step_1340_iter_01_shape.ply,iter,True,2500,49,1.96,0.0014907346,0.30333793,0.03618192672729492
step_1340_iter_02_shape.ply,iter,True,2500,37,1.48,0.0014395759,0.30347627,0.03472566604614258
step_1340_iter_03_shape.ply,iter,True,2500,42,1.68,0.0014195218,0.30353573,0.033477067947387695
step_1350_iter_00_shape.ply,iter,True,2500,38,1.52,0.0014862851,0.30336776,0.03479433059692383
step_1350_iter_01_shape.ply,iter,True,2500,32,1.28,0.0011886196,0.30365977,0.028148412704467773
step_1350_iter_02_shape.ply,iter,True,2500,21,0.84,0.0010676238,0.30347562,0.04491758346557617
step_1350_iter_03_shape.ply,iter,True,2500,19,0.76,0.0010590624,0.30393815,0.030432939529418945
step_1360_iter_00_shape.ply,iter,True,2500,25,1.0,0.0014200014,0.30347615,0.04211139678955078
step_1360_iter_01_shape.ply,iter,True,2500,18,0.72,0.0012061724,0.30355507,0.0341947078704834
step_1360_iter_02_shape.ply,iter,True,2500,32,1.28,0.0011583589,0.3028268,0.034368038177490234
step_1360_iter_03_shape.ply,iter,True,2500,14,0.5599999999999999,0.0011393472,0.30369288,0.0628514289855957
step_1370_iter_00_shape.ply,iter,True,2500,33,1.32,0.0015170383,0.30275854,0.04060173034667969
step_1370_iter_01_shape.ply,iter,True,2500,32,1.28,0.0012390338,0.30199623,0.05608820915222168
step_1370_iter_02_shape.ply,iter,True,2500,15,0.6,0.0011281882,0.30224746,0.032648563385009766
step_1370_iter_03_shape.ply,iter,True,2500,28,1.1199999999999999,0.0011312693,0.30207422,0.03583931922912598
step_1380_iter_00_shape.ply,iter,True,2500,25,1.0,0.0015226142,0.3022285,0.03309798240661621
step_1380_iter_01_shape.ply,iter,True,2500,37,1.48,0.0011831212,0.3011017,0.03808236122131348
step_1380_iter_02_shape.ply,iter,True,2500,17,0.6799999999999999,0.0010975766,0.30096954,0.03554844856262207
step_1380_iter_03_shape.ply,iter,True,2500,17,0.6799999999999999,0.001048982,0.30132288,0.03322124481201172
step_1390_iter_00_shape.ply,iter,True,2500,33,1.32,0.0015677162,0.30099103,0.03433966636657715
step_1390_iter_01_shape.ply,iter,True,2500,25,1.0,0.001263795,0.3007545,0.033722639083862305
step_1390_iter_02_shape.ply,iter,True,2500,20,0.8,0.0011993127,0.3005076,0.028647184371948242
step_1390_iter_03_shape.ply,iter,True,2500,22,0.88,0.0011837609,0.30077264,0.038628339767456055
step_1400_iter_00_shape.ply,iter,True,2500,32,1.28,0.0016970215,0.3002885,0.03772163391113281
step_1400_iter_01_shape.ply,iter,True,2500,41,1.6400000000000001,0.0012885222,0.29983956,0.0277557373046875
step_1400_iter_02_shape.ply,iter,True,2500,19,0.76,0.0012016413,0.2995334,0.03484511375427246
step_1400_iter_03_shape.ply,iter,True,2500,30,1.2,0.0011730184,0.2999615,0.038993120193481445
step_1410_iter_00_shape.ply,iter,True,2500,50,2.0,0.0017184826,0.29947558,0.034036874771118164
step_1410_iter_01_shape.ply,iter,True,2500,22,0.88,0.0012785571,0.29906845,0.03402400016784668
step_1410_iter_02_shape.ply,iter,True,2500,26,1.04,0.0012483901,0.29890347,0.03455996513366699
step_1410_iter_03_shape.ply,iter,True,2500,31,1.24,0.0012098316,0.29935846,0.0327298641204834
step_1420_iter_00_shape.ply,iter,True,2500,20,0.8,0.0014799908,0.29893795,0.03357982635498047
step_1420_iter_01_shape.ply,iter,True,2500,32,1.28,0.001078482,0.29750088,0.03377890586853027
step_1420_iter_02_shape.ply,iter,True,2500,13,0.52,0.0010213394,0.29712,0.03277778625488281
step_1420_iter_03_shape.ply,iter,True,2500,12,0.48,0.0010126046,0.29798466,0.03091144561767578
step_1430_iter_00_shape.ply,iter,True,2500,49,1.96,0.0017842846,0.29705006,0.03697514533996582
step_1430_iter_01_shape.ply,iter,True,2500,30,1.2,0.0015309599,0.29730138,0.03498649597167969
step_1430_iter_02_shape.ply,iter,True,2500,41,1.6400000000000001,0.0015010652,0.2964017,0.031816720962524414
step_1430_iter_03_shape.ply,iter,True,2500,32,1.28,0.0015342031,0.29738936,0.03700590133666992
step_1440_iter_00_shape.ply,iter,True,2500,39,1.5599999999999998,0.0018038815,0.29651305,0.03439807891845703
step_1440_iter_01_shape.ply,iter,True,2500,41,1.6400000000000001,0.0014011011,0.29721206,0.03267025947570801
step_1440_iter_02_shape.ply,iter,True,2500,12,0.48,0.0012492192,0.29724896,0.035712480545043945
step_1440_iter_03_shape.ply,iter,True,2500,21,0.84,0.001173064,0.2975069,0.042777299880981445
step_1450_iter_00_shape.ply,iter,True,2500,13,0.52,0.0013911523,0.2973524,0.03171539306640625
step_1450_iter_01_shape.ply,iter,True,2500,20,0.8,0.0010612629,0.29822695,0.043172359466552734
step_1450_iter_02_shape.ply,iter,True,2500,18,0.72,0.00102411,0.29747993,0.04134774208068848
step_1450_iter_03_shape.ply,iter,True,2500,14,0.5599999999999999,0.0009967313,0.29812098,0.03352212905883789
step_1460_iter_00_shape.ply,iter,True,2500,33,1.32,0.0016900211,0.29750288,0.05051589012145996
step_1460_iter_01_shape.ply,iter,True,2500,21,0.84,0.0013045545,0.29665074,0.033118247985839844
step_1460_iter_02_shape.ply,iter,True,2500,25,1.0,0.0012685838,0.296702,0.035269737243652344
step_1460_iter_03_shape.ply,iter,True,2500,20,0.8,0.0012779919,0.29682404,0.048297882080078125
step_1470_iter_00_shape.ply,iter,True,2500,24,0.96,0.0014,0.29660606,0.03424954414367676
step_1470_iter_01_shape.ply,iter,True,2500,41,1.6400000000000001,0.0011341497,0.2954795,0.03702425956726074
step_1470_iter_02_shape.ply,iter,True,2500,18,0.72,0.0010704352,0.29539794,0.03219795227050781
step_1470_iter_03_shape.ply,iter,True,2500,20,0.8,0.0010474897,0.29561606,0.0350642204284668
step_1480_iter_00_shape.ply,iter,True,2500,51,2.04,0.001758167,0.29538247,0.033869028091430664
step_1480_iter_01_shape.ply,iter,True,2500,15,0.6,0.0012594793,0.2958642,0.03602004051208496
step_1480_iter_02_shape.ply,iter,True,2500,15,0.6,0.0011459787,0.29528916,0.03433418273925781
step_1480_iter_03_shape.ply,iter,True,2500,10,0.4,0.0011002247,0.29615888,0.03317594528198242
step_1490_iter_00_shape.ply,iter,False,2500,26,1.04,0.0015690213,0.29510826,0.04215264320373535
step_1490_iter_01_shape.ply,iter,True,2500,41,1.6400000000000001,0.001235524,0.29434288,0.0344233512878418
step_1490_iter_02_shape.ply,iter,True,2500,26,1.04,0.0011074126,0.29391146,0.03602886199951172
step_1490_iter_03_shape.ply,iter,True,2500,19,0.76,0.0010449323,0.2947982,0.03445863723754883
step_1500_iter_00_shape.ply,iter,True,2500,57,2.2800000000000002,0.0019009606,0.29395524,0.035544395446777344
step_1500_iter_01_shape.ply,iter,True,2500,29,1.16,0.0015953361,0.29459953,0.03236055374145508
step_1500_iter_02_shape.ply,iter,True,2500,40,1.6,0.0014856156,0.29318818,0.03502821922302246
step_1500_iter_03_shape.ply,iter,True,2500,16,0.64,0.0014100182,0.29485342,0.02794671058654785
step_1510_iter_00_shape.ply,iter,True,2500,28,1.1199999999999999,0.0016588818,0.29313776,0.040871620178222656
step_1510_iter_01_shape.ply,iter,True,2500,27,1.08,0.0013293736,0.29348427,0.03443408012390137
step_1510_iter_02_shape.ply,iter,True,2500,20,0.8,0.0012566574,0.29253456,0.034970760345458984
step_1510_iter_03_shape.ply,iter,True,2500,14,0.5599999999999999,0.0012062979,0.29361394,0.03502774238586426
step_1520_iter_00_shape.ply,iter,True,2500,48,1.92,0.0017486038,0.29250002,0.03401374816894531
step_1520_iter_01_shape.ply,iter,True,2500,34,1.3599999999999999,0.0014006401,0.29340407,0.035170793533325195
step_1520_iter_02_shape.ply,iter,True,2500,22,0.88,0.0012952017,0.2927595,0.034784793853759766
step_1520_iter_03_shape.ply,iter,True,2500,18,0.72,0.0012765055,0.29393262,0.03321194648742676
step_1530_iter_00_shape.ply,iter,True,2500,49,1.96,0.0018018069,0.29266068,0.03327012062072754
step_1530_iter_01_shape.ply,iter,True,2500,39,1.5599999999999998,0.0014619655,0.29415843,0.0354154109954834
step_1530_iter_02_shape.ply,iter,True,2500,32,1.28,0.0013345628,0.29350737,0.031610727310180664
step_1530_iter_03_shape.ply,iter,True,2500,31,1.24,0.0013333143,0.29441875,0.04289650917053223
step_1540_iter_00_shape.ply,iter,True,2500,32,1.28,0.0016526587,0.29353055,0.03036642074584961
step_1540_iter_01_shape.ply,iter,True,2500,38,1.52,0.0013385536,0.29306173,0.04151797294616699
step_1540_iter_02_shape.ply,iter,True,2500,21,0.84,0.0012715384,0.29221427,0.039023399353027344
step_1540_iter_03_shape.ply,iter,True,2500,24,0.96,0.0012879921,0.29338163,0.04614591598510742
step_1550_iter_00_shape.ply,iter,True,2500,41,1.6400000000000001,0.0016465405,0.2920647,0.04977607727050781
step_1550_iter_01_shape.ply,iter,True,2500,41,1.6400000000000001,0.0012707945,0.2912284,0.039040327072143555
step_1550_iter_02_shape.ply,iter,True,2500,30,1.2,0.0011658292,0.2905315,0.04426312446594238
step_1550_iter_03_shape.ply,iter,True,2500,23,0.9199999999999999,0.0011282082,0.29160473,0.03701972961425781
step_1560_iter_00_shape.ply,iter,True,2500,53,2.12,0.0019226641,0.2905376,0.044942617416381836
step_1560_iter_01_shape.ply,iter,True,2500,56,2.2399999999999998,0.0017115424,0.29094693,0.037268877029418945
step_1560_iter_02_shape.ply,iter,True,2500,48,1.92,0.0016638922,0.29006773,0.036519765853881836
step_1560_iter_03_shape.ply,iter,False,2500,43,1.72,0.001631395,0.2911593,0.03373217582702637
step_1570_iter_00_shape.ply,iter,True,2500,40,1.6,0.0014100224,0.2902008,0.028752803802490234
step_1570_iter_01_shape.ply,iter,True,2500,21,0.84,0.0011824395,0.29170278,0.03360128402709961
step_1570_iter_02_shape.ply,iter,True,2500,31,1.24,0.001162252,0.29062113,0.03664827346801758
step_1570_iter_03_shape.ply,iter,True,2500,23,0.9199999999999999,0.0011814892,0.2917247,0.03433632850646973
step_1580_iter_00_shape.ply,iter,True,2500,65,2.6,0.0017397774,0.29045147,0.03433942794799805
step_1580_iter_01_shape.ply,iter,True,2500,27,1.08,0.0013703147,0.29178306,0.03455352783203125
step_1580_iter_02_shape.ply,iter,True,2500,24,0.96,0.0012857093,0.29101914,0.028187274932861328
step_1580_iter_03_shape.ply,iter,True,2500,19,0.76,0.0013077701,0.29193527,0.03435659408569336
step_1590_iter_00_shape.ply,iter,True,2500,31,1.24,0.0017391641,0.29109433,0.03940987586975098
step_1590_iter_01_shape.ply,iter,True,2500,36,1.44,0.0014518998,0.29098955,0.03532099723815918
step_1590_iter_02_shape.ply,iter,True,2500,19,0.76,0.0013718455,0.2907806,0.034655094146728516
step_1590_iter_03_shape.ply,iter,False,2500,24,0.96,0.0013742291,0.29127064,0.03292441368103027
step_1600_iter_00_shape.ply,iter,True,2500,36,1.44,0.0015792347,0.29069155,0.033544063568115234
step_1600_iter_01_shape.ply,iter,True,2500,46,1.8399999999999999,0.0012946696,0.289065,0.03686785697937012
step_1600_iter_02_shape.ply,iter,True,2500,30,1.2,0.0012792154,0.28885636,0.03425145149230957
step_1600_iter_03_shape.ply,iter,True,2500,36,1.44,0.0012844481,0.2892505,0.03181147575378418
step_1610_iter_00_shape.ply,iter,True,2500,44,1.76,0.0016863338,0.28876463,0.0407869815826416
step_1610_iter_01_shape.ply,iter,True,2500,44,1.76,0.0014327889,0.2887701,0.03236889839172363
step_1610_iter_02_shape.ply,iter,True,2500,34,1.3599999999999999,0.0013587348,0.2882783,0.03058767318725586
step_1610_iter_03_shape.ply,iter,True,2500,32,1.28,0.0013262652,0.28889048,0.04138469696044922
step_1620_iter_00_shape.ply,iter,True,2500,36,1.44,0.0016123017,0.28831267,0.033701181411743164
step_1620_iter_01_shape.ply,iter,True,2500,54,2.16,0.0013280637,0.2888888,0.0380403995513916
step_1620_iter_02_shape.ply,iter,True,2500,27,1.08,0.001191169,0.28841966,0.03472137451171875
step_1620_iter_03_shape.ply,iter,True,2500,29,1.16,0.0011556947,0.28901085,0.03344082832336426
step_1630_iter_00_shape.ply,iter,True,2500,61,2.44,0.0019624017,0.28829068,0.035765886306762695
step_1630_iter_01_shape.ply,iter,True,2500,44,1.76,0.0015500834,0.2875329,0.035318613052368164
step_1630_iter_02_shape.ply,iter,False,2500,39,1.5599999999999998,0.0014755727,0.2871076,0.034317970275878906
step_1630_iter_03_shape.ply,iter,True,2500,40,1.6,0.001440719,0.28788525,0.03145122528076172
step_1640_iter_00_shape.ply,iter,True,2500,42,1.68,0.0018470455,0.28716084,0.037056684494018555
step_1640_iter_01_shape.ply,iter,True,2500,49,1.96,0.0013161848,0.28587848,0.08278036117553711
step_1640_iter_02_shape.ply,iter,True,2500,34,1.3599999999999999,0.00121608,0.2856801,0.05090737342834473
step_1640_iter_03_shape.ply,iter,True,2500,28,1.1199999999999999,0.0012211227,0.2863958,0.05124187469482422
step_1650_iter_00_shape.ply,iter,True,2500,65,2.6,0.0018513069,0.2855544,0.03495526313781738
step_1650_iter_01_shape.ply,iter,True,2500,52,2.08,0.0013098558,0.28593573,0.037433624267578125
step_1650_iter_02_shape.ply,iter,True,2500,33,1.32,0.0012456547,0.28583735,0.034035682678222656
step_1650_iter_03_shape.ply,iter,True,2500,31,1.24,0.0012514887,0.2865873,0.03480362892150879
step_1660_iter_00_shape.ply,iter,True,2500,46,1.8399999999999999,0.0017123389,0.28566304,0.03412151336669922
step_1660_iter_01_shape.ply,iter,True,2500,33,1.32,0.0013186729,0.28674647,0.03179931640625
step_1660_iter_02_shape.ply,iter,True,2500,23,0.9199999999999999,0.0012226279,0.2861064,0.03627419471740723
step_1660_iter_03_shape.ply,iter,True,2500,26,1.04,0.0011996996,0.28685424,0.0348508358001709
step_1670_iter_00_shape.ply,iter,True,2500,48,1.92,0.0016322823,0.28594744,0.03263235092163086
step_1670_iter_01_shape.ply,iter,True,2500,29,1.16,0.0012751262,0.28590834,0.03160905838012695
step_1670_iter_02_shape.ply,iter,True,2500,27,1.08,0.0012016915,0.28520972,0.032713890075683594
step_1670_iter_03_shape.ply,iter,True,2500,24,0.96,0.0012042177,0.2861234,0.03270125389099121
step_1680_iter_00_shape.ply,iter,True,2500,42,1.68,0.0016147459,0.2851414,0.029055118560791016
step_1680_iter_01_shape.ply,iter,True,2500,32,1.28,0.0011449885,0.28550994,0.049118757247924805
step_1680_iter_02_shape.ply,iter,True,2500,23,0.9199999999999999,0.0010361788,0.28535742,0.03249049186706543
step_1680_iter_03_shape.ply,iter,True,2500,18,0.72,0.0010250087,0.2861212,0.03282904624938965
step_1690_iter_00_shape.ply,iter,True,2500,61,2.44,0.0018552276,0.28530797,0.031609535217285156
step_1690_iter_01_shape.ply,iter,True,2500,52,2.08,0.0014612636,0.28484288,0.03386235237121582
step_1690_iter_02_shape.ply,iter,True,2500,40,1.6,0.0013448625,0.28431016,0.03303170204162598
step_1690_iter_03_shape.ply,iter,False,2500,30,1.2,0.0013267855,0.28517553,0.02924966812133789
step_1700_iter_00_shape.ply,iter,True,2500,50,2.0,0.0016458979,0.28427827,0.038927316665649414
step_1700_iter_01_shape.ply,iter,True,2500,29,1.16,0.0012791712,0.28501385,0.03323698043823242
step_1700_iter_02_shape.ply,iter,True,2500,33,1.32,0.001192026,0.28408238,0.03341245651245117
step_1700_iter_03_shape.ply,iter,True,2500,23,0.9199999999999999,0.0011552256,0.28521577,0.033327341079711914
step_1710_iter_00_shape.ply,iter,True,2500,47,1.8800000000000001,0.0016868799,0.28418314,0.038065195083618164
step_1710_iter_01_shape.ply,iter,True,2500,34,1.3599999999999999,0.0013743953,0.28421074,0.03283238410949707
step_1710_iter_02_shape.ply,iter,True,2500,37,1.48,0.0013101203,0.2838584,0.035393476486206055
step_1710_iter_03_shape.ply,iter,True,2500,29,1.16,0.0013490939,0.28430897,0.03310060501098633
step_1720_iter_00_shape.ply,iter,True,2500,50,2.0,0.0016578335,0.2837057,0.03243064880371094
step_1720_iter_01_shape.ply,iter,False,2500,41,1.6400000000000001,0.0014100126,0.28348404,0.03569674491882324
step_1720_iter_02_shape.ply,iter,True,2500,41,1.6400000000000001,0.0013883123,0.28298634,0.02935314178466797
step_1720_iter_03_shape.ply,iter,False,2500,35,1.4000000000000001,0.0013649551,0.28363097,0.03874945640563965
step_1730_iter_00_shape.ply,iter,True,2500,57,2.2800000000000002,0.0018454697,0.28293312,0.03496217727661133
step_1730_iter_01_shape.ply,iter,True,2500,61,2.44,0.0013709435,0.28149956,0.03728079795837402
step_1730_iter_02_shape.ply,iter,True,2500,36,1.44,0.0012177181,0.28180328,0.06715846061706543
step_1730_iter_03_shape.ply,iter,True,2500,34,1.3599999999999999,0.0011635907,0.28227988,0.05777859687805176
step_1740_iter_00_shape.ply,iter,True,2500,50,2.0,0.0016781711,0.28190318,0.05723094940185547
step_1740_iter_01_shape.ply,iter,True,2500,27,1.08,0.0012027016,0.28118128,0.040291786193847656
step_1740_iter_02_shape.ply,iter,True,2500,25,1.0,0.0011160803,0.28069103,0.03937363624572754
step_1740_iter_03_shape.ply,iter,True,2500,20,0.8,0.0010992736,0.28161627,0.036589860916137695
step_1750_iter_00_shape.ply,iter,True,2500,46,1.8399999999999999,0.0017833462,0.28073776,0.028374671936035156
step_1750_iter_01_shape.ply,iter,True,2500,32,1.28,0.0013725718,0.2816877,0.036414384841918945
step_1750_iter_02_shape.ply,iter,True,2500,23,0.9199999999999999,0.0013031048,0.281356,0.0337371826171875
step_1750_iter_03_shape.ply,iter,True,2500,23,0.9199999999999999,0.0013333211,0.2817336,0.03262686729431152
step_1760_iter_00_shape.ply,iter,True,2500,54,2.16,0.0016218812,0.28116837,0.036476850509643555
step_1760_iter_01_shape.ply,iter,True,2500,43,1.72,0.0012452625,0.2822751,0.033701419830322266
step_1760_iter_02_shape.ply,iter,True,2500,21,0.84,0.0011332378,0.28192583,0.033747196197509766
step_1760_iter_03_shape.ply,iter,True,2500,18,0.72,0.0011062087,0.28255048,0.03293752670288086
step_1770_iter_00_shape.ply,iter,True,2500,56,2.2399999999999998,0.0018378628,0.28184634,0.03607439994812012
step_1770_iter_01_shape.ply,iter,True,2500,49,1.96,0.001459862,0.28071964,0.035109758377075195
step_1770_iter_02_shape.ply,iter,True,2500,26,1.04,0.0013454364,0.28059173,0.032770633697509766
step_1770_iter_03_shape.ply,iter,True,2500,29,1.16,0.001334009,0.28103024,0.03280186653137207
step_1780_iter_00_shape.ply,iter,True,2500,39,1.5599999999999998,0.0016562021,0.28047577,0.03153038024902344
step_1780_iter_01_shape.ply,iter,True,2500,35,1.4000000000000001,0.0013031841,0.2790139,0.03216052055358887
step_1780_iter_02_shape.ply,iter,True,2500,22,0.88,0.0011994026,0.27901167,0.03410625457763672
step_1780_iter_03_shape.ply,iter,True,2500,18,0.72,0.0011658779,0.27961084,0.029386043548583984
step_1790_iter_00_shape.ply,iter,True,2500,44,1.76,0.0018499928,0.27905324,0.0388185977935791
step_1790_iter_01_shape.ply,iter,True,2500,56,2.2399999999999998,0.0015020602,0.27868572,0.03136014938354492
step_1790_iter_02_shape.ply,iter,True,2500,33,1.32,0.0014351609,0.27885908,0.025859594345092773
step_1790_iter_03_shape.ply,iter,True,2500,46,1.8399999999999999,0.0013757569,0.2789375,0.04199647903442383
step_1800_iter_00_shape.ply,iter,True,2500,54,2.16,0.001834637,0.2789346,0.03374075889587402
step_1800_iter_01_shape.ply,iter,True,2500,44,1.76,0.0014792145,0.27921408,0.034607648849487305
step_1800_iter_02_shape.ply,iter,True,2500,32,1.28,0.0014023113,0.27890664,0.03316187858581543
step_1800_iter_03_shape.ply,iter,True,2500,36,1.44,0.0014067563,0.27958766,0.03610587120056152
step_1810_iter_00_shape.ply,iter,True,2500,29,1.16,0.0016934206,0.2787264,0.03317737579345703
step_1810_iter_01_shape.ply,iter,True,2500,59,2.36,0.0012773102,0.2774919,0.03284502029418945
step_1810_iter_02_shape.ply,iter,True,2500,29,1.16,0.0012178319,0.27753145,0.0340123176574707
step_1810_iter_03_shape.ply,iter,True,2500,27,1.08,0.0011678278,0.27822012,0.033556461334228516
step_1820_iter_00_shape.ply,iter,True,2500,69,2.76,0.001666609,0.27740607,0.03233480453491211
step_1820_iter_01_shape.ply,iter,True,2500,28,1.1199999999999999,0.0011531482,0.27819642,0.035308122634887695
step_1820_iter_02_shape.ply,iter,True,2500,20,0.8,0.0010329743,0.2782815,0.04207873344421387
step_1820_iter_03_shape.ply,iter,True,2500,21,0.84,0.0009852229,0.27881736,0.03825044631958008
step_1830_iter_00_shape.ply,iter,True,2500,48,1.92,0.0016669212,0.27826527,0.03755760192871094
step_1830_iter_01_shape.ply,iter,True,2500,44,1.76,0.0011631193,0.27852333,0.047532081604003906
step_1830_iter_02_shape.ply,iter,True,2500,24,0.96,0.0010472297,0.27855286,0.036342620849609375
step_1830_iter_03_shape.ply,iter,True,2500,24,0.96,0.0009772019,0.27892444,0.046515464782714844
step_1840_iter_00_shape.ply,iter,True,2500,43,1.72,0.001462965,0.27856302,0.03882575035095215
step_1840_iter_01_shape.ply,iter,True,2500,34,1.3599999999999999,0.00096223375,0.27860138,0.04391217231750488
step_1840_iter_02_shape.ply,iter,True,2500,15,0.6,0.000851731,0.27869534,0.028411865234375
step_1840_iter_03_shape.ply,iter,True,2500,15,0.6,0.00082008017,0.27885592,0.034729719161987305
step_1850_iter_00_shape.ply,iter,True,2500,60,2.4,0.0017721802,0.27869794,0.0402979850769043
step_1850_iter_01_shape.ply,iter,True,2500,50,2.0,0.0013209342,0.2781339,0.03381466865539551
step_1850_iter_02_shape.ply,iter,True,2500,19,0.76,0.0011823995,0.27814332,0.032721757888793945
step_1850_iter_03_shape.ply,iter,True,2500,23,0.9199999999999999,0.0010910407,0.27839127,0.03191685676574707
step_1860_iter_00_shape.ply,iter,True,2500,59,2.36,0.0019410003,0.27797875,0.03565073013305664
step_1860_iter_01_shape.ply,iter,True,2500,48,1.92,0.0016532285,0.27758965,0.033533334732055664
step_1860_iter_02_shape.ply,iter,True,2500,51,2.04,0.0016250404,0.27720833,0.03470492362976074
step_1860_iter_03_shape.ply,iter,True,2500,51,2.04,0.0016096669,0.27749452,0.03465008735656738
step_1870_iter_00_shape.ply,iter,True,2500,48,1.92,0.0019065198,0.27716678,0.03407692909240723
step_1870_iter_01_shape.ply,iter,True,2500,59,2.36,0.0014681902,0.27622667,0.035059452056884766
step_1870_iter_02_shape.ply,iter,True,2500,36,1.44,0.0013378429,0.27679712,0.0336456298828125
step_1870_iter_03_shape.ply,iter,True,2500,33,1.32,0.0013182352,0.27688777,0.03519034385681152
step_1880_iter_00_shape.ply,iter,True,2500,51,2.04,0.0014799397,0.27664152,0.04041624069213867
step_1880_iter_01_shape.ply,iter,True,2500,56,2.2399999999999998,0.0012198163,0.27663597,0.04227185249328613
step_1880_iter_02_shape.ply,iter,True,2500,29,1.16,0.0010907513,0.276317,0.03700876235961914
step_1880_iter_03_shape.ply,iter,True,2500,25,1.0,0.0010358578,0.2767113,0.03365039825439453
step_1890_iter_00_shape.ply,iter,True,2500,52,2.08,0.0015421801,0.27638042,0.027227163314819336
step_1890_iter_01_shape.ply,iter,True,2500,41,1.6400000000000001,0.0010771349,0.27587655,0.04078102111816406
step_1890_iter_02_shape.ply,iter,True,2500,25,1.0,0.000983527,0.27599546,0.03674507141113281
step_1890_iter_03_shape.ply,iter,True,2500,28,1.1199999999999999,0.0010026452,0.276159,0.0339818000793457
step_1900_iter_00_shape.ply,iter,False,2500,65,2.6,0.0017145363,0.27595544,0.03474736213684082
step_1900_iter_01_shape.ply,iter,True,2500,47,1.8800000000000001,0.0012858361,0.27522045,0.033963918685913086
step_1900_iter_02_shape.ply,iter,True,2500,35,1.4000000000000001,0.0012452569,0.27546942,0.03460216522216797
step_1900_iter_03_shape.ply,iter,True,2500,31,1.24,0.001173784,0.27560854,0.037549734115600586
step_1910_iter_00_shape.ply,iter,True,2500,67,2.68,0.0017668379,0.27517968,0.0342099666595459
step_1910_iter_01_shape.ply,iter,True,2500,53,2.12,0.0012191128,0.2744449,0.04095888137817383
step_1910_iter_02_shape.ply,iter,True,2500,28,1.1199999999999999,0.0011868343,0.27484947,0.033663272857666016
step_1910_iter_03_shape.ply,iter,True,2500,34,1.3599999999999999,0.0011840407,0.27503514,0.03541994094848633
step_1920_iter_00_shape.ply,iter,True,2500,83,3.32,0.001986239,0.27458212,0.03735923767089844
step_1920_iter_01_shape.ply,iter,True,2500,54,2.16,0.0012806325,0.27434796,0.05892586708068848
step_1920_iter_02_shape.ply,iter,True,2500,30,1.2,0.0011594277,0.27503866,0.05813336372375488
step_1920_iter_03_shape.ply,iter,True,2500,25,1.0,0.0010694927,0.27511415,0.030129194259643555
step_1930_iter_00_shape.ply,iter,True,2500,50,2.0,0.002028599,0.27485335,0.03349947929382324
step_1930_iter_01_shape.ply,iter,True,2500,58,2.32,0.0014645305,0.2731808,0.03642463684082031
step_1930_iter_02_shape.ply,iter,True,2500,36,1.44,0.0013656045,0.2735196,0.040357351303100586
step_1930_iter_03_shape.ply,iter,True,2500,39,1.5599999999999998,0.0013300693,0.27372473,0.0421602725982666
step_1940_iter_00_shape.ply,iter,True,2500,54,2.16,0.0017980373,0.2734755,0.035036325454711914
step_1940_iter_01_shape.ply,iter,True,2500,50,2.0,0.0013516116,0.2742783,0.03346610069274902
step_1940_iter_02_shape.ply,iter,True,2500,32,1.28,0.0012831279,0.27420947,0.02768874168395996
step_1940_iter_03_shape.ply,iter,True,2500,39,1.5599999999999998,0.001282097,0.2745231,0.04013371467590332
step_1950_iter_00_shape.ply,iter,True,2500,70,2.8000000000000003,0.0018088551,0.27404106,0.03355979919433594
step_1950_iter_01_shape.ply,iter,True,2500,50,2.0,0.00146418,0.274318,0.030852556228637695
step_1950_iter_02_shape.ply,iter,True,2500,37,1.48,0.0014651767,0.27462485,0.03746962547302246
step_1950_iter_03_shape.ply,iter,True,2500,51,2.04,0.001391403,0.27442348,0.0313260555267334
step_1960_iter_00_shape.ply,iter,True,2500,62,2.48,0.0018240265,0.27443588,0.04070878028869629
step_1960_iter_01_shape.ply,iter,True,2500,45,1.7999999999999998,0.0013272216,0.27355337,0.03463149070739746
step_1960_iter_02_shape.ply,iter,True,2500,25,1.0,0.0012211722,0.27361304,0.02745676040649414
step_1960_iter_03_shape.ply,iter,True,2500,27,1.08,0.0011151915,0.27390602,0.04100990295410156
step_1970_iter_00_shape.ply,iter,True,2500,40,1.6,0.0015198332,0.273526,0.03191733360290527
step_1970_iter_01_shape.ply,iter,True,2500,29,1.16,0.0011973679,0.27306527,0.030716657638549805
step_1970_iter_02_shape.ply,iter,True,2500,28,1.1199999999999999,0.0011107445,0.27270567,0.036905765533447266
step_1970_iter_03_shape.ply,iter,True,2500,25,1.0,0.0010915454,0.27314532,0.03230428695678711
step_1980_iter_00_shape.ply,iter,True,2500,51,2.04,0.0017372393,0.27261624,0.031026363372802734
step_1980_iter_01_shape.ply,iter,True,2500,46,1.8399999999999999,0.0011918147,0.27230814,0.03761863708496094
step_1980_iter_02_shape.ply,iter,True,2500,22,0.88,0.0010751012,0.27252424,0.049329280853271484
step_1980_iter_03_shape.ply,iter,True,2500,27,1.08,0.001078004,0.27261716,0.05652952194213867
step_1990_iter_00_shape.ply,iter,False,2500,46,1.8399999999999999,0.001649897,0.2725011,0.04341292381286621
step_1990_iter_01_shape.ply,iter,True,2500,48,1.92,0.0011769277,0.27197433,0.05355215072631836
step_1990_iter_02_shape.ply,iter,True,2500,30,1.2,0.0010606722,0.2719368,0.05415916442871094
step_1990_iter_03_shape.ply,iter,True,2500,28,1.1199999999999999,0.0010272671,0.27248067,0.037217140197753906
